NombreDpto,IdCiudad,NombreCiudad
ANTIOQUIA,9836,ABEJORRAL
ANTIOQUIA,9837,ABRIAQUI
ANTIOQUIA,9838,ALEJANDRIA
ANTIOQUIA,9839,AMAGA
ANTIOQUIA,9840,AMALFI
ANTIOQUIA,9841,ANDES
ANTIOQUIA,9842,ANGELOPOLIS
ANTIOQUIA,9843,ANGOSTURA
ANTIOQUIA,9844,ANORI
ANTIOQUIA,9845,ANZA
ANTIOQUIA,9846,APARTADO
ANTIOQUIA,9847,ARBOLETES
ANTIOQUIA,9848,ARGELIA
ANTIOQUIA,9849,ARMENIA
ANTIOQUIA,9850,BARBOSA
ANTIOQUIA,9851,BELLO
ANTIOQUIA,9852,BELMIRA
ANTIOQUIA,9853,BETANIA
ANTIOQUIA,9854,BETULIA
ANTIOQUIA,9855,BRICEÑO
ANTIOQUIA,9856,BURITICA
ANTIOQUIA,9857,CACERES
ANTIOQUIA,9858,CAICEDO
ANTIOQUIA,9859,CALDAS
ANTIOQUIA,9860,CAMPAMENTO
ANTIOQUIA,9861,CARACOLI
ANTIOQUIA,9862,CARAMANTA
ANTIOQUIA,9863,CAREPA
ANTIOQUIA,9864,CARMEN DE VIBORAL
ANTIOQUIA,9865,CAROLINA
ANTIOQUIA,9866,CAUCASIA
ANTIOQUIA,9867,CAÑASGORDAS
ANTIOQUIA,9868,CHIGORODO
ANTIOQUIA,9869,CISNEROS
ANTIOQUIA,9870,CIUDAD BOLIVAR
ANTIOQUIA,9871,COCORNA
ANTIOQUIA,9872,CONCEPCION
ANTIOQUIA,9873,CONCORDIA
ANTIOQUIA,9874,COPACABANA
ANTIOQUIA,9875,DABEIBA
ANTIOQUIA,9876,DON MATIAS
ANTIOQUIA,9877,EBEJICO
ANTIOQUIA,9878,EL BAGRE
ANTIOQUIA,9879,ENTRERRIOS
ANTIOQUIA,9880,ENVIGADO
ANTIOQUIA,9881,FREDONIA
ANTIOQUIA,9882,FRONTINO
ANTIOQUIA,9883,GIRALDO
ANTIOQUIA,9884,GIRARDOTA
ANTIOQUIA,9885,GOMEZ PLATA
ANTIOQUIA,9886,GRANADA
ANTIOQUIA,9887,GUADALUPE
ANTIOQUIA,9888,GUARNE
ANTIOQUIA,9889,GUATAPE
ANTIOQUIA,9890,HELICONIA
ANTIOQUIA,9891,HISPANIA
ANTIOQUIA,9892,ITAGUI
ANTIOQUIA,9893,ITUANGO
ANTIOQUIA,9894,JARDIN
ANTIOQUIA,9895,JERICO
ANTIOQUIA,9896,LA CEJA
ANTIOQUIA,9897,LA ESTRELLA
ANTIOQUIA,9898,LA PINTADA
ANTIOQUIA,9899,LA UNION
ANTIOQUIA,9900,LIBORINA
ANTIOQUIA,9901,MACEO
ANTIOQUIA,9902,MARINILLA
ANTIOQUIA,9903,MEDELLIN
ANTIOQUIA,9904,MONTEBELLO
ANTIOQUIA,9905,MURINDO
ANTIOQUIA,9906,MUTATA
ANTIOQUIA,9907,NARIÑO
ANTIOQUIA,9908,NECHI
ANTIOQUIA,9909,NECOCLI
ANTIOQUIA,9910,OLAYA
ANTIOQUIA,9911,PEQUE
ANTIOQUIA,9912,PEÑOL
ANTIOQUIA,9913,PUEBLORRICO
ANTIOQUIA,9914,PUERTO BERRIO
ANTIOQUIA,9915,PUERTO NARE
ANTIOQUIA,9916,PUERTO TRIUNFO
ANTIOQUIA,9917,REMEDIOS
ANTIOQUIA,9918,RETIRO
ANTIOQUIA,9919,RIONEGRO
ANTIOQUIA,9920,SABANALARGA
ANTIOQUIA,9921,SABANETA
ANTIOQUIA,9922,SALGAR
ANTIOQUIA,9923,SAN ANDRES
ANTIOQUIA,9924,SAN CARLOS
ANTIOQUIA,9925,SAN FRANCISCO
ANTIOQUIA,9926,SAN JERONIMO
ANTIOQUIA,9927,SAN JOSE DE LA MONTA
ANTIOQUIA,9928,SAN JUAN DE URABA
ANTIOQUIA,9929,SAN LUIS
ANTIOQUIA,9930,SAN PEDRO
ANTIOQUIA,9931,SAN PEDRO DE URABA
ANTIOQUIA,9932,SAN RAFAEL
ANTIOQUIA,9933,SAN ROQUE
ANTIOQUIA,9934,SAN VICENTE
ANTIOQUIA,9935,SANTA BARBARA
ANTIOQUIA,9936,SANTA.ROSA DE OSOS
ANTIOQUIA,9937,SANTAFE DE ANTIOQUIA
ANTIOQUIA,9938,SANTO DOMINGO
ANTIOQUIA,9939,SANTUARIO
ANTIOQUIA,9940,SEGOVIA
ANTIOQUIA,9941,SONSON
ANTIOQUIA,9942,SOPETRAN
ANTIOQUIA,9943,TAMESIS
ANTIOQUIA,9944,TARAZA
ANTIOQUIA,9945,TARSO
ANTIOQUIA,9946,TITIRIBI
ANTIOQUIA,9947,TOLEDO
ANTIOQUIA,9948,TURBO
ANTIOQUIA,9949,URAMITA
ANTIOQUIA,9950,URRAO
ANTIOQUIA,9951,VALDIVIA
ANTIOQUIA,9952,VALPARAISO
ANTIOQUIA,9953,VEGACHI
ANTIOQUIA,9954,VENECIA
ANTIOQUIA,9955,VIGIA DEL FUERTE
ANTIOQUIA,9956,YALI
ANTIOQUIA,9957,YARUMAL
ANTIOQUIA,9958,YOLOMBO
ANTIOQUIA,9959,YONDO
ANTIOQUIA,9960,ZARAGOZA
ATLANTICO,9961,BARANOA
ATLANTICO,9962,BARRANQUILLA
ATLANTICO,9963,CAMPO DE LA CRUZ
ATLANTICO,9964,CANDELARIA
ATLANTICO,9965,GALAPA
ATLANTICO,9966,JUAN DE ACOSTA
ATLANTICO,9967,LURUACO
ATLANTICO,9968,MALAMBO
ATLANTICO,9969,MANATI
ATLANTICO,9970,PALMAR DE VARELA
ATLANTICO,9971,PIOJO
ATLANTICO,9972,POLONUEVO
ATLANTICO,9973,PONEDERA
ATLANTICO,9974,PUERTO COLOMBIA
ATLANTICO,9975,REPELON
ATLANTICO,9976,SABANAGRANDE
ATLANTICO,9977,SABANALARGA
ATLANTICO,9978,SANTA LUCIA
ATLANTICO,9979,SANTO TOMAS
ATLANTICO,9980,SOLEDAD
ATLANTICO,9981,SUAN
ATLANTICO,9982,TUBARA
ATLANTICO,9983,USIACURI
BOGOTA,9984,BOGOTÁ D.C.
BOLIVAR,9985,ACHI
BOLIVAR,9986,ALTOS DEL ROSARIO
BOLIVAR,9987,ARENAL
BOLIVAR,9988,ARJONA
BOLIVAR,9989,ARROYOHONDO
BOLIVAR,9990,BARRANCO DE LOBA
BOLIVAR,9991,CALAMAR
BOLIVAR,9992,CANTAGALLO
BOLIVAR,9993,CARTAGENA
BOLIVAR,9994,CICUCO
BOLIVAR,9995,CLEMENCIA
BOLIVAR,9996,CORDOBA
BOLIVAR,9997,EL CARMEN DE BOLIVAR
BOLIVAR,9998,EL GUAMO
BOLIVAR,9999,EL PENON
BOLIVAR,10000,HATILLO DE LOBA
BOLIVAR,10001,MAGANGUE
BOLIVAR,10002,MAHATES
BOLIVAR,10003,MARGARITA
BOLIVAR,10004,MARIA LA BAJA
BOLIVAR,10005,MOMPOS
BOLIVAR,10006,MONTECRISTO
BOLIVAR,10007,MORALES
BOLIVAR,10008,PINILLOS
BOLIVAR,10009,REGIDOR
BOLIVAR,10010,RIO VIEJO
BOLIVAR,10011,SAN CRISTOBAL
BOLIVAR,10012,SAN ESTANISLAO
BOLIVAR,10013,SAN FERNANDO
BOLIVAR,10014,SAN JACINTO
BOLIVAR,10015,SAN JACINTO DEL CAUC
BOLIVAR,10016,SAN JUAN NEPOMUCENO
BOLIVAR,10017,SAN MARTIN DE LOBA
BOLIVAR,10018,SAN PABLO
BOLIVAR,10019,SANTA CATALINA
BOLIVAR,10020,SANTA ROSA
BOLIVAR,10021,SANTA ROSA DEL SUR
BOLIVAR,10022,SIMITI
BOLIVAR,10023,SOPLAVIENTO
BOLIVAR,10024,TALAIGUA NUEVO
BOLIVAR,10025,TIQUISIO
BOLIVAR,10026,TURBACO
BOLIVAR,10027,TURBANA
BOLIVAR,10028,VILLANUEVA
BOLIVAR,10029,ZAMBRANO
BOYACA,10030,ALMEIDA
BOYACA,10031,AQUITANIA
BOYACA,10032,ARCABUCO
BOYACA,10033,BELEN
BOYACA,10034,BERBEO
BOYACA,10035,BETEITIVA
BOYACA,10036,BOAVITA
BOYACA,10037,BOYACA
BOYACA,10038,BRICEÑO
BOYACA,10039,BUENAVISTA
BOYACA,10040,BUSBANZA
BOYACA,10041,CALDAS
BOYACA,10042,CAMPOHERMOSO
BOYACA,10043,CERINZA
BOYACA,10044,CHINAVITA
BOYACA,10045,CHIQUINQUIRA
BOYACA,10046,CHIQUIZA
BOYACA,10047,CHISCAS
BOYACA,10048,CHITA
BOYACA,10049,CHITARAQUE
BOYACA,10050,CHIVATA
BOYACA,10051,CHIVOR
BOYACA,10052,CIENEGA
BOYACA,10053,COMBITA
BOYACA,10054,COPER
BOYACA,10055,CORRALES
BOYACA,10056,COVARACHIA
BOYACA,10057,CUBARA
BOYACA,10058,CUCAITA
BOYACA,10059,CUITIVA
BOYACA,10060,DUITAMA
BOYACA,10061,EL COCUY
BOYACA,10062,EL ESPINO
BOYACA,10063,FIRAVITOBA
BOYACA,10064,FLORESTA
BOYACA,10065,GACHANTIVA
BOYACA,10066,GAMEZA
BOYACA,10067,GARAGOA
BOYACA,10068,GUACAMAYAS
BOYACA,10069,GUATEQUE
BOYACA,10070,GUAYATA
BOYACA,10071,GUICAN
BOYACA,10072,IZA
BOYACA,10073,JENESANO
BOYACA,10074,JERICO
BOYACA,10075,LA CAPILLA
BOYACA,10076,LA UVITA
BOYACA,10077,LA VICTORIA
BOYACA,10078,LABRANZAGRANDE
BOYACA,10079,MACANAL
BOYACA,10080,MARIPI
BOYACA,10081,MIRAFLORES
BOYACA,10082,MONGUA
BOYACA,10083,MONGUI
BOYACA,10084,MONIQUIRA
BOYACA,10085,MOTAVITA
BOYACA,10086,MUZO
BOYACA,10087,NOBSA
BOYACA,10088,NUEVO COLON
BOYACA,10089,OICATA
BOYACA,10090,OTANCHE
BOYACA,10091,PACHAVITA
BOYACA,10092,PAEZ
BOYACA,10093,PAIPA
BOYACA,10094,PAJARITO
BOYACA,10095,PANQUEBA
BOYACA,10096,PAUNA
BOYACA,10097,PAYA
BOYACA,10098,PAZ DE RIO
BOYACA,10099,PESCA
BOYACA,10100,PISBA
BOYACA,10101,PUERTO BOYACA
BOYACA,10102,QUIPAMA
BOYACA,10103,RAMIRIQUI
BOYACA,10104,RAQUIRA
BOYACA,10105,RONDON
BOYACA,10106,SABOYA
BOYACA,10107,SACHICA
BOYACA,10108,SAMACA
BOYACA,10109,SAN EDUARDO
BOYACA,10110,SAN JOSE DE PARE
BOYACA,10111,SAN LUIS DE GACENO
BOYACA,10112,SAN MATEO
BOYACA,10113,SAN MIGUEL DE SEMA
BOYACA,10114,SAN PABLO BORBUR
BOYACA,10115,SAN ROSA VITERBO
BOYACA,10116,SANTA MARIA
BOYACA,10117,SANTA SOFIA
BOYACA,10118,SANTANA
BOYACA,10119,SATIVANORTE
BOYACA,10120,SATIVASUR
BOYACA,10121,SIACHOQUE
BOYACA,10122,SOATA
BOYACA,10123,SOCHA
BOYACA,10124,SOCOTA
BOYACA,10125,SOGAMOSO
BOYACA,10126,SOMONDOCO
BOYACA,10127,SORA
BOYACA,10128,SORACA
BOYACA,10129,SOTAQUIRA
BOYACA,10130,SUSACON
BOYACA,10131,SUTAMARCHAN
BOYACA,10132,SUTATENZA
BOYACA,10133,TASCO
BOYACA,10134,TENZA
BOYACA,10135,TIBANA
BOYACA,10136,TIBASOSA
BOYACA,10137,TINJACA
BOYACA,10138,TIPACOQUE
BOYACA,10139,TOCA
BOYACA,10140,TOGUI
BOYACA,10141,TOPAGA
BOYACA,10142,TOTA
BOYACA,10143,TUNJA
BOYACA,10144,TUNUNGUA
BOYACA,10145,TURMEQUE
BOYACA,10146,TUTA
BOYACA,10147,TUTAZA
BOYACA,10148,UMBITA
BOYACA,10149,VENTAQUEMADA
BOYACA,10150,VILLA DE LEYVA
BOYACA,10151,VIRACACHA
BOYACA,10152,ZETAQUIRA
CALDAS,10153,AGUADAS
CALDAS,10154,ANSERMA
CALDAS,10155,ARANZAZU
CALDAS,10156,BELALCAZAR
CALDAS,10157,CHINCHINA
CALDAS,10158,FILADELFIA
CALDAS,10159,LA DORADA
CALDAS,10160,LA MERCED
CALDAS,10161,MANIZALES
CALDAS,10162,MANZANARES
CALDAS,10163,MARMATO
CALDAS,10164,MARQUETALIA
CALDAS,10165,MARULANDA
CALDAS,10166,NEIRA
CALDAS,10167,NORCASIA
CALDAS,10168,PACORA
CALDAS,10169,PALESTINA
CALDAS,10170,PENSILVANIA
CALDAS,10171,RIOSUCIO
CALDAS,10172,RISARALDA
CALDAS,10173,SALAMINA
CALDAS,10174,SAMANA
CALDAS,10175,SAN JOSE
CALDAS,10176,SUPIA
CALDAS,10177,VICTORIA
CALDAS,10178,VILLAMARIA
CALDAS,10179,VITERBO
CAQUETA,10180,ALBANIA
CAQUETA,10181,BELEN DE LOS ANDAQUI
CAQUETA,10182,CARTAGENA DEL CHAIRA
CAQUETA,10183,CURRILLO
CAQUETA,10184,EL DONCELLO
CAQUETA,10185,EL PAUJIL
CAQUETA,10186,FLORENCIA
CAQUETA,10187,LA MONTAÑITA
CAQUETA,10188,MILAN
CAQUETA,10189,MORELIA
CAQUETA,10190,PUERTO RICO
CAQUETA,10191,SAN JOSE DE LA FRAGU
CAQUETA,10192,SAN VICENTE DEL CAGÜ
CAQUETA,10193,SOLANO
CAQUETA,10194,SOLITA
CAQUETA,10195,VALPARAISO
CAUCA,10196,ALMAGUER
CAUCA,10197,ARGELIA
CAUCA,10198,BALBOA
CAUCA,10199,BOLIVAR
CAUCA,10200,BUENOS AIRES
CAUCA,10201,CAJIBIO
CAUCA,10202,CALDONO
CAUCA,10203,CALOTO
CAUCA,10204,CORINTO
CAUCA,10205,EL TAMBO
CAUCA,10206,FLORENCIA
CAUCA,10207,GUACHENE
CAUCA,10208,GUAPI
CAUCA,10209,INZA
CAUCA,10210,JAMBALO
CAUCA,10211,LA SIERRA
CAUCA,10212,LA VEGA
CAUCA,10213,LOPEZ
CAUCA,10214,MERCADERES
CAUCA,10215,MIRANDA
CAUCA,10216,MORALES
CAUCA,10217,PADILLA
CAUCA,10218,PAEZ
CAUCA,10219,PATIA
CAUCA,10220,PIAMONTE
CAUCA,10221,PIENDAMO
CAUCA,10222,POPAYAN
CAUCA,10223,PUERTO TEJADA
CAUCA,10224,PURACE
CAUCA,10225,ROSAS
CAUCA,10226,SAN SEBASTIAN
CAUCA,10227,SANTA ROSA
CAUCA,10228,SANTANDER DE QUILICH
CAUCA,10229,SILVIA
CAUCA,10230,SOTARA
CAUCA,10231,SUAREZ
CAUCA,10232,SUCRE
CAUCA,10233,TIMBIO
CAUCA,10234,TIMBIQUI
CAUCA,10235,TORIBIO
CAUCA,10236,TOTORO
CAUCA,10237,VILLA RICA
CESAR,10238,AGUACHICA
CESAR,10239,AGUSTIN CODAZZI
CESAR,10240,ASTREA
CESAR,10241,BECERRIL
CESAR,10242,BOSCONIA
CESAR,10243,CHIMICHAGUA
CESAR,10244,CHIRIGUANA
CESAR,10245,CURUMANI
CESAR,10246,EL COPEY
CESAR,10247,EL PASO
CESAR,10248,GAMARRA
CESAR,10249,GONZALEZ
CESAR,10250,LA GLORIA
CESAR,10251,LA JAGUA DE IBIRICO
CESAR,10252,LA PAZ
CESAR,10253,MANAURE
CESAR,10254,PAILITAS
CESAR,10255,PELAYA
CESAR,10256,PUEBLO BELLO
CESAR,10257,RIO DE ORO
CESAR,10258,SAN ALBERTO
CESAR,10259,SAN DIEGO
CESAR,10260,SAN MARTIN
CESAR,10261,TAMALAMEQUE
CESAR,10262,VALLEDUPAR
CORDOBA,10263,AYAPEL
CORDOBA,10264,BUENAVISTA
CORDOBA,10265,CANALETE
CORDOBA,10266,CERETE
CORDOBA,10267,CHIMA
CORDOBA,10268,CHINU
CORDOBA,10269,CIENAGA DE ORO
CORDOBA,10270,COTORRA
CORDOBA,10271,LA APARTADA
CORDOBA,10272,LORICA
CORDOBA,10273,LOS CORDOBAS
CORDOBA,10274,MOMIL
CORDOBA,10275,MONTELIBANO
CORDOBA,10276,MONTERIA
CORDOBA,10277,MOÑITOS
CORDOBA,10278,PLANETA RICA
CORDOBA,10279,PUEBLO NUEVO
CORDOBA,10280,PUERTO ESCONDIDO
CORDOBA,10281,PUERTO LIBERTADOR
CORDOBA,10282,PURISIMA
CORDOBA,10283,SAHAGUN
CORDOBA,10284,SAN ANDRES DE SOTAVE
CORDOBA,10285,SAN ANTERO
CORDOBA,10286,SAN BERNARDO DEL VIE
CORDOBA,10287,SAN CARLOS
CORDOBA,10288,SAN PELAYO
CORDOBA,10289,TIERRALTA
CORDOBA,10290,TUCHIN
CORDOBA,10291,VALENCIA
CUNDINAMARCA,10292,AGUA DE DIOS
CUNDINAMARCA,10293,ALBAN
CUNDINAMARCA,10294,ANAPOIMA
CUNDINAMARCA,10295,ANOLAIMA
CUNDINAMARCA,10296,APULO
CUNDINAMARCA,10297,ARBELAEZ
CUNDINAMARCA,10298,BELTRAN
CUNDINAMARCA,10299,BITUIMA
CUNDINAMARCA,10300,BOJACA
CUNDINAMARCA,10301,CABRERA
CUNDINAMARCA,10302,CACHIPAY
CUNDINAMARCA,10303,CAJICA
CUNDINAMARCA,10304,CAPARRAPI
CUNDINAMARCA,10305,CAQUEZA
CUNDINAMARCA,10306,CARMEN DE CARUPA
CUNDINAMARCA,10307,CHAGUANI
CUNDINAMARCA,10308,CHIA
CUNDINAMARCA,10309,CHIPAQUE
CUNDINAMARCA,10310,CHOACHI
CUNDINAMARCA,10311,CHOCONTA
CUNDINAMARCA,10312,COGUA
CUNDINAMARCA,10313,COTA
CUNDINAMARCA,10314,CUCUNUBA
CUNDINAMARCA,10315,EL COLEGIO
CUNDINAMARCA,10316,EL PEÑON
CUNDINAMARCA,10317,EL ROSAL
CUNDINAMARCA,10318,FACATATIVA
CUNDINAMARCA,10319,FOMEQUE
CUNDINAMARCA,10320,FOSCA
CUNDINAMARCA,10321,FUNZA
CUNDINAMARCA,10322,FUQUENE
CUNDINAMARCA,10323,FUSAGASUGA
CUNDINAMARCA,10324,GACHALA
CUNDINAMARCA,10325,GACHANCIPA
CUNDINAMARCA,10326,GACHETA
CUNDINAMARCA,10327,GAMA
CUNDINAMARCA,10328,GIRARDOT
CUNDINAMARCA,10329,GRANADA
CUNDINAMARCA,10330,GUACHETA
CUNDINAMARCA,10331,GUADUAS
CUNDINAMARCA,10332,GUASCA
CUNDINAMARCA,10333,GUATAQUI
CUNDINAMARCA,10334,GUATAVITA
CUNDINAMARCA,10335,GUAYABAL DE SIQUIMA
CUNDINAMARCA,10336,GUAYABETAL
CUNDINAMARCA,10337,GUTIERREZ
CUNDINAMARCA,10338,JERUSALEN
CUNDINAMARCA,10339,JUNIN
CUNDINAMARCA,10340,LA CALERA
CUNDINAMARCA,10341,LA MESA
CUNDINAMARCA,10342,LA PALMA
CUNDINAMARCA,10343,LA PEÑA
CUNDINAMARCA,10344,LA VEGA
CUNDINAMARCA,10345,LENGUAZAQUE
CUNDINAMARCA,10346,MACHETA
CUNDINAMARCA,10347,MADRID
CUNDINAMARCA,10348,MANTA
CUNDINAMARCA,10349,MEDINA
CUNDINAMARCA,10350,MOSQUERA
CUNDINAMARCA,10351,NARIÑO
CUNDINAMARCA,10352,NEMOCON
CUNDINAMARCA,10353,NILO
CUNDINAMARCA,10354,NIMAIMA
CUNDINAMARCA,10355,NOCAIMA
CUNDINAMARCA,10356,PACHO
CUNDINAMARCA,10357,PAIME
CUNDINAMARCA,10358,PANDI
CUNDINAMARCA,10359,PARATEBUENO
CUNDINAMARCA,10360,PASCA
CUNDINAMARCA,10361,PUERTO SALGAR
CUNDINAMARCA,10362,PULI
CUNDINAMARCA,10363,QUEBRADANEGRA
CUNDINAMARCA,10364,QUETAME
CUNDINAMARCA,10365,QUIPILE
CUNDINAMARCA,10366,RICAURTE
CUNDINAMARCA,10367,SAN ANTONIO DE TEQUE
CUNDINAMARCA,10368,SAN BERNARDO
CUNDINAMARCA,10369,SAN CAYETANO
CUNDINAMARCA,10370,SAN FRANCISCO
CUNDINAMARCA,10371,SAN JUAN DE RIOSECO
CUNDINAMARCA,10372,SASAIMA
CUNDINAMARCA,10373,SESQUILE
CUNDINAMARCA,10374,SIBATE
CUNDINAMARCA,10375,SILVANIA
CUNDINAMARCA,10376,SIMIJACA
CUNDINAMARCA,10377,SOACHA
CUNDINAMARCA,10378,SOPO
CUNDINAMARCA,10379,SUBACHOQUE
CUNDINAMARCA,10380,SUESCA
CUNDINAMARCA,10381,SUPATA
CUNDINAMARCA,10382,SUSA
CUNDINAMARCA,10383,SUTATAUSA
CUNDINAMARCA,10384,TABIO
CUNDINAMARCA,10385,TAUSA
CUNDINAMARCA,10386,TENA
CUNDINAMARCA,10387,TENJO
CUNDINAMARCA,10388,TIBACUY
CUNDINAMARCA,10389,TIBIRITA
CUNDINAMARCA,10390,TOCAIMA
CUNDINAMARCA,10391,TOCANCIPA
CUNDINAMARCA,10392,TOPAIPI
CUNDINAMARCA,10393,UBALA
CUNDINAMARCA,10394,UBAQUE
CUNDINAMARCA,10395,UBATE
CUNDINAMARCA,10396,UNE
CUNDINAMARCA,10397,UTICA
CUNDINAMARCA,10398,VENECIA
CUNDINAMARCA,10399,VERGARA
CUNDINAMARCA,10400,VIANI
CUNDINAMARCA,10401,VILLAGOMEZ
CUNDINAMARCA,10402,VILLAPINZON
CUNDINAMARCA,10403,VILLETA
CUNDINAMARCA,10404,VIOTA
CUNDINAMARCA,10405,YACOPI
CUNDINAMARCA,10406,ZIPACON
CUNDINAMARCA,10407,ZIPAQUIRA
CHOCO,10408,ACANDI
CHOCO,10409,ALTO BAUDO
CHOCO,10410,ATRATO
CHOCO,10411,BAGADO
CHOCO,10412,BAHIA SOLANO
CHOCO,10413,BAJO BAUDO
CHOCO,10414,BLEN DE BAJIRA
CHOCO,10415,BOJAYA
CHOCO,10416,CANTON DE SAN PABLO
CHOCO,10417,CARMEN DEL DARIEN
CHOCO,10418,CERTEGUI
CHOCO,10419,CONDOTO
CHOCO,10420,EL CARMEN DE ATRATO
CHOCO,10421,EL LITORAL DEL SAN J
CHOCO,10422,ITSMINA
CHOCO,10423,JURADO
CHOCO,10424,LLORO
CHOCO,10425,MEDIO ATRATO
CHOCO,10426,MEDIO BAUDO
CHOCO,10427,MEDIO SAN JUAN
CHOCO,10428,NOVITA
CHOCO,10429,NUQUI
CHOCO,10430,QUIBDO
CHOCO,10431,RIO IRO
CHOCO,10432,RIO QUITO
CHOCO,10433,RIOSUCIO
CHOCO,10434,SAN JOSE DEL PALMAR
CHOCO,10435,SIPI
CHOCO,10436,TADO
CHOCO,10437,UNGUIA
CHOCO,10438,UNION PANAMERICANA
HUILA,10439,ACEVEDO
HUILA,10440,AGRADO
HUILA,10441,AIPE
HUILA,10442,ALGECIRAS
HUILA,10443,ALTAMIRA
HUILA,10444,BARAYA
HUILA,10445,CAMPOALEGRE
HUILA,10446,COLOMBIA
HUILA,10447,ELIAS
HUILA,10448,GARZON
HUILA,10449,GIGANTE
HUILA,10450,GUADALUPE
HUILA,10451,HOBO
HUILA,10452,IQUIRA
HUILA,10453,ISNOS
HUILA,10454,LA ARGENTINA
HUILA,10455,LA PLATA
HUILA,10456,NATAGA
HUILA,10457,NEIVA
HUILA,10458,OPORAPA
HUILA,10459,PAICOL
HUILA,10460,PALERMO
HUILA,10461,PALESTINA
HUILA,10462,PITAL
HUILA,10463,PITALITO
HUILA,10464,RIVERA
HUILA,10465,SALADOBLANCO
HUILA,10466,SAN AGUSTIN
HUILA,10467,SANTA MARIA
HUILA,10468,SUAZA
HUILA,10469,TARQUI
HUILA,10470,TELLO
HUILA,10471,TERUEL
HUILA,10472,TESALIA
HUILA,10473,TIMANA
HUILA,10474,VILLAVIEJA
HUILA,10475,YAGUARA
LA GUAJIRA,10476,ALBANIA
LA GUAJIRA,10477,BARRANCAS
LA GUAJIRA,10478,DIBULLA
LA GUAJIRA,10479,DISTRACCION
LA GUAJIRA,10480,EL MOLINO
LA GUAJIRA,10481,FONSECA
LA GUAJIRA,10482,HATONUEVO
LA GUAJIRA,10483,LA JAGUA DEL PILAR
LA GUAJIRA,10484,MAICAO
LA GUAJIRA,10485,MANAURE
LA GUAJIRA,10486,RIOHACHA
LA GUAJIRA,10487,SAN JUAN DEL CESAR
LA GUAJIRA,10488,URIBIA
LA GUAJIRA,10489,URUMITA
LA GUAJIRA,10490,VILLANUEVA
MAGDALENA,10491,ALGARROBO
MAGDALENA,10492,ARACATACA
MAGDALENA,10493,ARIGUANI
MAGDALENA,10494,CERRO SAN ANTONIO
MAGDALENA,10495,CHIVOLO
MAGDALENA,10496,CIENAGA
MAGDALENA,10497,CONCORDIA
MAGDALENA,10498,EL BANCO
MAGDALENA,10499,EL PIÑON
MAGDALENA,10500,EL RETEN
MAGDALENA,10501,FUNDACION
MAGDALENA,10502,GUAMAL
MAGDALENA,10503,NUEVA GRANADA
MAGDALENA,10504,PEDRAZA
MAGDALENA,10505,PIJINO DEL CARMEN
MAGDALENA,10506,PIVIJAY
MAGDALENA,10507,PLATO
MAGDALENA,10508,PUEBLOVIEJO
MAGDALENA,10509,REMOLINO
MAGDALENA,10510,SABANAS DE SAN ANGEL
MAGDALENA,10511,SALAMINA
MAGDALENA,10512,SAN SEBASTIAN DE BUE
MAGDALENA,10513,SAN ZENON
MAGDALENA,10514,SANTA ANA
MAGDALENA,10515,SANTA BARBARA DE PIN
MAGDALENA,10516,SANTA MARTA
MAGDALENA,10517,SITIONUEVO
MAGDALENA,10518,TENERIFE
MAGDALENA,10519,ZAPAYAN
MAGDALENA,10520,ZONA BANANERA
META,10521,ACACIAS
META,10522,BARRANCA DE UPIA
META,10523,CABUYARO
META,10524,CASTILLA LA NUEVA
META,10525,CUMARAL
META,10526,EL CALVARIO
META,10527,EL CASTILLO
META,10528,EL DORADO
META,10529,FUENTE DE ORO
META,10530,GRANADA
META,10531,GUAMAL
META,10532,LA MACARENA
META,10533,LA URIBE
META,10534,LEJANIAS
META,10535,MAPIRIPAN
META,10536,MESETAS
META,10537,PUERTO CONCORDIA
META,10538,PUERTO GAITAN
META,10539,PUERTO LLERAS
META,10540,PUERTO LOPEZ
META,10541,PUERTO RICO
META,10542,RESTREPO
META,10543,SAN CARLOS GUAROA
META,10544,SAN JUAN DE ARAMA
META,10545,SAN JUANITO
META,10546,SAN LUIS DE CUBARRAL
META,10547,SAN MARTIN
META,10548,VILLAVICENCIO
META,10549,VISTA HERMOSA
NARIÑO,10550,ALBAN
NARIÑO,10551,ALDANA
NARIÑO,10552,ANCUYA
NARIÑO,10553,ARBOLEDA
NARIÑO,10554,BARBACOAS
NARIÑO,10555,BELEN
NARIÑO,10556,BUESACO
NARIÑO,10557,CHACHAGÜI
NARIÑO,10558,COLON
NARIÑO,10559,CONSACA
NARIÑO,10560,CONTADERO
NARIÑO,10561,CORDOBA
NARIÑO,10562,CUASPUD
NARIÑO,10563,CUMBAL
NARIÑO,10564,CUMBITARA
NARIÑO,10565,EL CHARCO
NARIÑO,10566,EL PENOL
NARIÑO,10567,EL ROSARIO
NARIÑO,10568,EL TABLÓN DE GÓMEZ
NARIÑO,10569,EL TAMBO
NARIÑO,10570,FRANCISCO PIZARRO
NARIÑO,10571,FUNES
NARIÑO,10572,GUACHUCAL
NARIÑO,10573,GUAITARILLA
NARIÑO,10574,GUALMATAN
NARIÑO,10575,ILES
NARIÑO,10576,IMUES
NARIÑO,10577,IPIALES
NARIÑO,10578,LA CRUZ
NARIÑO,10579,LA FLORIDA
NARIÑO,10580,LA LLANADA
NARIÑO,10581,LA TOLA
NARIÑO,10582,LA UNION
NARIÑO,10583,LEIVA
NARIÑO,10584,LINARES
NARIÑO,10585,LOS ANDES
NARIÑO,10586,MAGUI
NARIÑO,10587,MALLAMA
NARIÑO,10588,MOSQUERA
NARIÑO,10589,NARINO
NARIÑO,10590,OLAYA HERRERA
NARIÑO,10591,OSPINA
NARIÑO,10592,PASTO
NARIÑO,10593,POLICARPA
NARIÑO,10594,POTOSI
NARIÑO,10595,PROVIDENCIA
NARIÑO,10596,PUERRES
NARIÑO,10597,PUPIALES
NARIÑO,10598,RICAURTE
NARIÑO,10599,ROBERTO PAYAN
NARIÑO,10600,SAMANIEGO
NARIÑO,10601,SAN BERNARDO
NARIÑO,10602,SAN LORENZO
NARIÑO,10603,SAN PABLO
NARIÑO,10604,SAN PEDRO DE CARTAGO
NARIÑO,10605,SANDONA
NARIÑO,10606,SANTA BARBARA
NARIÑO,10607,SANTACRUZ
NARIÑO,10608,SAPUYES
NARIÑO,10609,TAMINANGO
NARIÑO,10610,TANGUA
NARIÑO,10611,TUMACO
NARIÑO,10612,TUQUERRES
NARIÑO,10613,YACUANQUER
NORTE SANTANDER,10614,ABREGO
NORTE SANTANDER,10615,ARBOLEDAS
NORTE SANTANDER,10616,BOCHALEMA
NORTE SANTANDER,10617,BUCARASICA
NORTE SANTANDER,10618,CACHIRA
NORTE SANTANDER,10619,CACOTA
NORTE SANTANDER,10620,CHINACOTA
NORTE SANTANDER,10621,CHITAGA
NORTE SANTANDER,10622,CONVENCION
NORTE SANTANDER,10623,CUCUTA
NORTE SANTANDER,10624,CUCUTILLA
NORTE SANTANDER,10625,DURANIA
NORTE SANTANDER,10626,EL CARMEN
NORTE SANTANDER,10627,EL TARRA
NORTE SANTANDER,10628,EL ZULIA
NORTE SANTANDER,10629,GRAMALOTE
NORTE SANTANDER,10630,HACARI
NORTE SANTANDER,10631,HERRAN
NORTE SANTANDER,10632,LA ESPERANZA
NORTE SANTANDER,10633,LA PLAYA
NORTE SANTANDER,10634,LABATECA
NORTE SANTANDER,10635,LOS PATIOS
NORTE SANTANDER,10636,LOURDES
NORTE SANTANDER,10637,MUTISCUA
NORTE SANTANDER,10638,OCAÑA
NORTE SANTANDER,10639,PAMPLONA
NORTE SANTANDER,10640,PAMPLONITA
NORTE SANTANDER,10641,PUERTO SANTANDER
NORTE SANTANDER,10642,RAGONVALIA
NORTE SANTANDER,10643,SALAZAR
NORTE SANTANDER,10644,SAN CALIXTO
NORTE SANTANDER,10645,SAN CAYETANO
NORTE SANTANDER,10646,SANTIAGO
NORTE SANTANDER,10647,SARDINATA
NORTE SANTANDER,10648,SILOS
NORTE SANTANDER,10649,TEORAMA
NORTE SANTANDER,10650,TIBU
NORTE SANTANDER,10651,TOLEDO
NORTE SANTANDER,10652,VILLA CARO
NORTE SANTANDER,10653,VILLA DEL ROSARIO
QUINDIO,10654,ARMENIA
QUINDIO,10655,BUENAVISTA
QUINDIO,10656,CALARCA
QUINDIO,10657,CIRCASIA
QUINDIO,10658,CORDOBA
QUINDIO,10659,FILANDIA
QUINDIO,10660,GENOVA
QUINDIO,10661,LA TEBAIDA
QUINDIO,10662,MONTENEGRO
QUINDIO,10663,PIJAO
QUINDIO,10664,QUIMBAYA
QUINDIO,10665,SALENTO
RISARALDA,10666,APIA
RISARALDA,10667,BALBOA
RISARALDA,10668,BELEN DE UMBRIA
RISARALDA,10669,DOS QUEBRADAS
RISARALDA,10670,GUATICA
RISARALDA,10671,LA CELIA
RISARALDA,10672,LA VIRGINIA
RISARALDA,10673,MARSELLA
RISARALDA,10674,MISTRATO
RISARALDA,10675,PEREIRA
RISARALDA,10676,PUEBLO RICO
RISARALDA,10677,QUINCHIA
RISARALDA,10678,SANTA ROSA DE CABAL
RISARALDA,10679,SANTUARIO
SANTANDER,10680,AGUADA
SANTANDER,10681,ALBANIA
SANTANDER,10682,ARATOCA
SANTANDER,10683,BARBOSA
SANTANDER,10684,BARICHARA
SANTANDER,10685,BARRANCABERMEJA
SANTANDER,10686,BETULIA
SANTANDER,10687,BOLIVAR
SANTANDER,10688,BUCARAMANGA
SANTANDER,10689,CABRERA
SANTANDER,10690,CALIFORNIA
SANTANDER,10691,CAPITANEJO
SANTANDER,10692,CARCASI
SANTANDER,10693,CEPITA
SANTANDER,10694,CERRITO
SANTANDER,10695,CHARALA
SANTANDER,10696,CHARTA
SANTANDER,10697,CHIMA
SANTANDER,10698,CHIPATA
SANTANDER,10699,CIMITARRA
SANTANDER,10700,CONCEPCION
SANTANDER,10701,CONFINES
SANTANDER,10702,CONTRATACION
SANTANDER,10703,COROMORO
SANTANDER,10704,CURITI
SANTANDER,10705,EL CARMEN DE CHUCURI
SANTANDER,10706,EL FLORIAN
SANTANDER,10707,EL GUACAMAYO
SANTANDER,10708,EL PEÑON
SANTANDER,10709,EL PLAYON
SANTANDER,10710,ENCINO
SANTANDER,10711,ENCISO
SANTANDER,10712,FLORIDABLANCA
SANTANDER,10713,GALAN
SANTANDER,10714,GAMBITA
SANTANDER,10715,GIRON
SANTANDER,10716,GUACA
SANTANDER,10717,GUADALUPE
SANTANDER,10718,GUAPOTA
SANTANDER,10719,GUAVATA
SANTANDER,10720,GÜEPSA
SANTANDER,10721,HATO
SANTANDER,10722,JESUS MARIA
SANTANDER,10723,JORDAN
SANTANDER,10724,LA BELLEZA
SANTANDER,10725,LA PAZ
SANTANDER,10726,LANDAZURI
SANTANDER,10727,LEBRIJA
SANTANDER,10728,LOS SANTOS
SANTANDER,10729,MACARAVITA
SANTANDER,10730,MALAGA
SANTANDER,10731,MATANZA
SANTANDER,10732,MOGOTES
SANTANDER,10733,MOLAGAVITA
SANTANDER,10734,OCAMONTE
SANTANDER,10735,OIBA
SANTANDER,10736,ONZAGA
SANTANDER,10737,PALMAR
SANTANDER,10738,PALMAS DEL SOCORRO
SANTANDER,10739,PARAMO
SANTANDER,10740,PIEDECUESTA
SANTANDER,10741,PINCHOTE
SANTANDER,10742,PUENTE NACIONAL
SANTANDER,10743,PUERTO PARRA
SANTANDER,10744,PUERTO WILCHES
SANTANDER,10745,RIONEGRO
SANTANDER,10746,SABANA DE TORRES
SANTANDER,10747,SAN ANDRES
SANTANDER,10748,SAN BENITO
SANTANDER,10749,SAN GIL
SANTANDER,10750,SAN JOAQUIN
SANTANDER,10751,SAN JOSE DE MIRANDA
SANTANDER,10752,SAN MIGUEL
SANTANDER,10753,SAN VICENTE DE CHUCU
SANTANDER,10754,SANTA BARBARA
SANTANDER,10755,SANTA HELENA DEL OPO
SANTANDER,10756,SIMACOTA
SANTANDER,10757,SOCORRO
SANTANDER,10758,SUAITA
SANTANDER,10759,SUCRE
SANTANDER,10760,SURATA
SANTANDER,10761,TONA
SANTANDER,10762,VALLE SAN JOSE
SANTANDER,10763,VELEZ
SANTANDER,10764,VETAS
SANTANDER,10765,VILLANUEVA
SANTANDER,10766,ZAPATOCA
SUCRE,10767,BUENAVISTA
SUCRE,10768,CAIMITO
SUCRE,10769,CHALAN
SUCRE,10770,COLOSO
SUCRE,10771,COROZAL
SUCRE,10772,COVEÑAS
SUCRE,10773,EL ROBLE
SUCRE,10774,GALERAS
SUCRE,10775,GUARANDA
SUCRE,10776,LA UNION
SUCRE,10777,LOS PALMITOS
SUCRE,10778,MAJAGUAL
SUCRE,10779,MORROA
SUCRE,10780,OVEJAS
SUCRE,10781,PALMITO
SUCRE,10782,SAMPUES
SUCRE,10783,SAN BENITO ABAD
SUCRE,10784,SAN JUAN BETULIA
SUCRE,10785,SAN MARCOS
SUCRE,10786,SAN ONOFRE
SUCRE,10787,SAN PEDRO
SUCRE,10788,SANTIAGO DE TOLÚ
SUCRE,10789,SINCE
SUCRE,10790,SINCELEJO
SUCRE,10791,SUCRE
SUCRE,10792,TOLÚ VIEJO
TOLIMA,10793,ALPUJARRA
TOLIMA,10794,ALVARADO
TOLIMA,10795,AMBALEMA
TOLIMA,10796,ANZOATEGUI
TOLIMA,10797,ARMERO
TOLIMA,10798,ATACO
TOLIMA,10799,CAJAMARCA
TOLIMA,10800,CARMEN APICALA
TOLIMA,10801,CASABIANCA
TOLIMA,10802,CHAPARRAL
TOLIMA,10803,COELLO
TOLIMA,10804,COYAIMA
TOLIMA,10805,CUNDAY
TOLIMA,10806,DOLORES
TOLIMA,10807,ESPINAL
TOLIMA,10808,FALAN
TOLIMA,10809,FLANDES
TOLIMA,10810,FRESNO
TOLIMA,10811,GUAMO
TOLIMA,10812,HERVEO
TOLIMA,10813,HONDA
TOLIMA,10814,IBAGUE
TOLIMA,10815,ICONONZO
TOLIMA,10816,LERIDA
TOLIMA,10817,LIBANO
TOLIMA,10818,MARIQUITA
TOLIMA,10819,MELGAR
TOLIMA,10820,MURILLO
TOLIMA,10821,NATAGAIMA
TOLIMA,10822,ORTEGA
TOLIMA,10823,PALOCABILDO
TOLIMA,10824,PIEDRAS
TOLIMA,10825,PLANADAS
TOLIMA,10826,PRADO
TOLIMA,10827,PURIFICACION
TOLIMA,10828,RIOBLANCO
TOLIMA,10829,RONCESVALLES
TOLIMA,10830,ROVIRA
TOLIMA,10831,SALDAÑA
TOLIMA,10832,SAN ANTONIO
TOLIMA,10833,SAN LUIS
TOLIMA,10834,SANTA ISABEL
TOLIMA,10835,SUAREZ
TOLIMA,10836,VALLE DE SAN JUAN
TOLIMA,10837,VENADILLO
TOLIMA,10838,VILLAHERMOSA
TOLIMA,10839,VILLARRICA
VALLE,10840,ALCALA
VALLE,10841,ANDALUCIA
VALLE,10842,ANSERMANUEVO
VALLE,10843,ARGELIA
VALLE,10844,BOLIVAR
VALLE,10845,BUENAVENTURA
VALLE,10846,BUGALAGRANDE
VALLE,10847,CAICEDONIA
VALLE,10848,CALI
VALLE,10849,CALIMA
VALLE,10850,CANDELARIA
VALLE,10851,CARTAGO
VALLE,10852,DAGUA
VALLE,10853,EL AGUILA
VALLE,10854,EL CAIRO
VALLE,10855,EL CERRITO
VALLE,10856,EL DOVIO
VALLE,10857,FLORIDA
VALLE,10858,GINEBRA
VALLE,10859,GUACARI
VALLE,10860,GUADALAJARA DE BUGA
VALLE,10861,JAMUNDI
VALLE,10862,LA CUMBRE
VALLE,10863,LA UNION
VALLE,10864,LA VICTORIA
VALLE,10865,OBANDO
VALLE,10866,PALMIRA
VALLE,10867,PRADERA
VALLE,10868,RESTREPO
VALLE,10869,RIOFRIO
VALLE,10870,ROLDANILLO
VALLE,10871,SAN PEDRO
VALLE,10872,SEVILLA
VALLE,10873,TORO
VALLE,10874,TRUJILLO
VALLE,10875,TULUA
VALLE,10876,ULLOA
VALLE,10877,VERSALLES
VALLE,10878,VIJES
VALLE,10879,YOTOCO
VALLE,10880,YUMBO
VALLE,10881,ZARZAL
ARAUCA,10882,ARAUCA
ARAUCA,10883,ARAUQUITA
ARAUCA,10884,CRAVO NORTE
ARAUCA,10885,FORTUL
ARAUCA,10886,PUERTO RONDON
ARAUCA,10887,SARAVENA
ARAUCA,10888,TAME
CASANARE,10889,AGUAZUL
CASANARE,10890,CHAMEZA
CASANARE,10891,HATO COROZAL
CASANARE,10892,LA SALINA
CASANARE,10893,MANI
CASANARE,10894,MONTERREY
CASANARE,10895,NUNCHIA
CASANARE,10896,OROCUE
CASANARE,10897,PAZ DE ARIPORO
CASANARE,10898,PORE
CASANARE,10899,RECETOR
CASANARE,10900,SABANALARGA
CASANARE,10901,SACAMA
CASANARE,10902,SAN LUIS DE PALENQUE
CASANARE,10903,TAMARA
CASANARE,10904,TAURAMENA
CASANARE,10905,TRINIDAD
CASANARE,10906,VILLANUEVA
CASANARE,10907,YOPAL
PUTUMAYO,10908,COLON
PUTUMAYO,10909,LEGUÍZAMO
PUTUMAYO,10910,MOCOA
PUTUMAYO,10911,ORITO
PUTUMAYO,10912,PUERTO ASIS
PUTUMAYO,10913,PUERTO CAICEDO
PUTUMAYO,10914,PUERTO GUZMAN
PUTUMAYO,10915,SAN FRANCISCO
PUTUMAYO,10916,SAN MIGUEL
PUTUMAYO,10917,SANTIAGO
PUTUMAYO,10918,SIBUNDOY
PUTUMAYO,10919,VALLE DEL GUAMUEZ
PUTUMAYO,10920,VILLAGARZON
SAN ANDRES,10921,PROVIDENCIA Y SANTA
SAN ANDRES,10922,SAN ANDRES
AMAZONAS,10923,EL ENCANTO
AMAZONAS,10924,LA CHORRERA
AMAZONAS,10925,LA PEDRERA
AMAZONAS,10926,LA VICTORIA
AMAZONAS,10927,LETICIA
AMAZONAS,10928,MIRITI-PARANA
AMAZONAS,10929,PUERTO ALEGRIA
AMAZONAS,10930,PUERTO ARICA
AMAZONAS,10931,PUERTO NARIÑO
AMAZONAS,10932,PUERTO SANTANDER
AMAZONAS,10933,TARAPACA
GUAINIA,10934,BARRANCO MINA
GUAINIA,10935,CACAHUAL
GUAINIA,10936,INIRIDA
GUAINIA,10937,LA GUADALUPE
GUAINIA,10938,MAPIRIPANA
GUAINIA,10939,MORICHAL
GUAINIA,10940,PANA PANA
GUAINIA,10941,PUERTO COLOMBIA
GUAINIA,10942,SAN FELIPE
GUAVIARE,10943,CALAMAR
GUAVIARE,10944,EL RETORNO
GUAVIARE,10945,MIRAFLORES
GUAVIARE,10946,SAN JOSE DEL GUAVIAR
VAUPES,10947,CARURU
VAUPES,10948,MITU
VAUPES,10949,PACOA
VAUPES,10950,PAPUNAHUA
VAUPES,10951,TARAIRA
VAUPES,10952,YAVARATE
VICHADA,10953,CUMARIBO
VICHADA,10954,LA PRIMAVERA
VICHADA,10955,PUERTO CARREÑO
VICHADA,10956,SANTA ROSALIA
